{"cameraMode":{"drawMode":0,"name":"Shaded","section":"Shading Mode"},"sceneLighting":false,"audioPlay":false,"sceneViewState":{"showFog":true,"showMaterialUpdate":true,"showSkybox":true,"showFlares":true,"showImageEffects":true,"showParticleSystems":true},"in2DMode":false,"pivot":{"x":-2.4637584686279299,"y":35.31489944458008,"z":201.43338012695313},"rotation":{"x":-0.0062324125319719318,"y":0.9740086197853088,"z":-0.22480933368206025,"w":-0.027004694566130639},"size":4.666904449462891,"orthographic":false}