{"cameraMode":{"drawMode":0,"name":"Shaded","section":"Shading Mode"},"sceneLighting":true,"audioPlay":false,"sceneViewState":{"showFog":true,"showMaterialUpdate":false,"showSkybox":true,"showFlares":true,"showImageEffects":true,"showParticleSystems":true},"in2DMode":false,"pivot":{"x":49.21025466918945,"y":17.742290496826173,"z":57.88393020629883},"rotation":{"x":-0.04560183733701706,"y":0.9486373066902161,"z":-0.16119234263896943,"w":-0.2683744430541992},"size":5.557884693145752,"orthographic":false}