{"cameraMode":{"drawMode":0,"name":"Shaded","section":"Shading Mode"},"sceneLighting":true,"audioPlay":false,"sceneViewState":{"showFog":true,"showMaterialUpdate":false,"showSkybox":true,"showFlares":true,"showImageEffects":true,"showParticleSystems":true},"in2DMode":false,"pivot":{"x":0.8645782470703125,"y":1.3150935173034669,"z":-1.81550931930542},"rotation":{"x":-0.0652482733130455,"y":0.8880297541618347,"z":-0.13313151895999909,"w":-0.43522629141807558},"size":10.0,"orthographic":false}